archivo,archivo_parent,clase_predicha,confianza
RESULTS/crops_clahe/IMAG0037_crop0.jpg,DATASET_COMPLETO_PRUEBA/IMAG0037.jpg,MAMIFERO_MEDIANO,0.9999961853027344
RESULTS/crops_clahe/DSCF0218_crop0.jpg,DATASET_COMPLETO_PRUEBA/DSCF0218.JPG,MAMIFERO_PEQUEÑO,0.9984151124954224
RESULTS/crops_clahe/IMAG0029_crop0.jpg,DATASET_COMPLETO_PRUEBA/IMAG0029.jpg,AVE_GRANDE,0.9656986594200134
RESULTS/crops_clahe/DSCF0528_crop0.jpg,DATASET_COMPLETO_PRUEBA/DSCF0528.JPG,AVE_PEQUEÑA,0.9980284571647644
RESULTS/crops_clahe/IMAG0173_crop0.jpg,DATASET_COMPLETO_PRUEBA/IMAG0173.jpg,MAMIFERO_MEDIANO,0.9999964237213135
RESULTS/crops_clahe/DSCF0266_crop0.jpg,DATASET_COMPLETO_PRUEBA/DSCF0266.JPG,AVE_GRANDE,0.9974645376205444
RESULTS/crops_clahe/IMAG0080_crop0.jpg,DATASET_COMPLETO_PRUEBA/IMAG0080.jpg,MAMIFERO_MEDIANO,0.9999901056289673
RESULTS/crops_clahe/20241011114346_IM_00083_crop0.jpg,DATASET_COMPLETO_PRUEBA/20241011114346_IM_00083.JPG,AVE_PEQUEÑA,0.5146801471710205
RESULTS/crops_clahe/IMAG0284_crop0.jpg,DATASET_COMPLETO_PRUEBA/IMAG0284.jpg,MAMIFERO_MEDIANO,0.9999958276748657
RESULTS/crops_clahe/DSCF0164_crop0.jpg,DATASET_COMPLETO_PRUEBA/DSCF0164.JPG,MAMIFERO_PEQUEÑO,0.8272727727890015
RESULTS/crops_clahe/IM_00046_crop0.jpg,DATASET_COMPLETO_PRUEBA/IM_00046.JPG,RUIDO,0.9866445660591125
RESULTS/crops_clahe/DSCF0140_crop0.jpg,DATASET_COMPLETO_PRUEBA/DSCF0140.JPG,AVE_PEQUEÑA,0.9737063646316528
RESULTS/crops_clahe/DSCF0006_crop0.jpg,DATASET_COMPLETO_PRUEBA/DSCF0006.JPG,AVE_PEQUEÑA,0.5845517516136169
RESULTS/crops_clahe/DSCF0262_crop0.jpg,DATASET_COMPLETO_PRUEBA/DSCF0262.JPG,AVE_GRANDE,0.9324898719787598
RESULTS/crops_clahe/IMAG0206_crop0.jpg,DATASET_COMPLETO_PRUEBA/IMAG0206.jpg,MAMIFERO_MEDIANO,0.9999570846557617
RESULTS/crops_clahe/IMAG0306_crop0.jpg,DATASET_COMPLETO_PRUEBA/IMAG0306.jpg,AVE_GRANDE,0.8065460324287415
RESULTS/crops_clahe/DSCF0408_crop0.jpg,DATASET_COMPLETO_PRUEBA/DSCF0408.JPG,MAMIFERO_PEQUEÑO,0.9999977350234985
RESULTS/crops_clahe/IMAG0026_crop0.jpg,DATASET_COMPLETO_PRUEBA/IMAG0026.jpg,RUIDO,0.970928430557251
RESULTS/crops_clahe/20241011114008_IM_00082_crop0.jpg,DATASET_COMPLETO_PRUEBA/20241011114008_IM_00082.JPG,AVE_PEQUEÑA,0.9714994430541992
RESULTS/crops_clahe/IMAG0226_crop0.jpg,DATASET_COMPLETO_PRUEBA/IMAG0226.jpg,AVE_PEQUEÑA,0.8084852695465088
RESULTS/crops_clahe/DSCF0149_crop0.jpg,DATASET_COMPLETO_PRUEBA/DSCF0149.JPG,AVE_PEQUEÑA,0.9918214678764343
RESULTS/crops_clahe/IM_00035_crop0.jpg,DATASET_COMPLETO_PRUEBA/IM_00035.JPG,AVE_PEQUEÑA,0.519054651260376
RESULTS/crops_clahe/DSCF0214_crop0.jpg,DATASET_COMPLETO_PRUEBA/DSCF0214.JPG,AVE_GRANDE,0.860765278339386
RESULTS/crops_clahe/IMAG0040_crop0.jpg,DATASET_COMPLETO_PRUEBA/IMAG0040.jpg,MAMIFERO_MEDIANO,0.9999632835388184
RESULTS/crops_clahe/IMAG0266_crop0.jpg,DATASET_COMPLETO_PRUEBA/IMAG0266.jpg,AVE_GRANDE,0.9924853444099426
RESULTS/crops_clahe/IM_00030_crop0.jpg,DATASET_COMPLETO_PRUEBA/IM_00030.JPG,AVE_PEQUEÑA,0.7941301465034485
RESULTS/crops_clahe/DSCF0356_crop0.jpg,DATASET_COMPLETO_PRUEBA/DSCF0356.JPG,AVE_PEQUEÑA,0.7618095278739929
RESULTS/crops_clahe/IMAG0101_crop0.jpg,DATASET_COMPLETO_PRUEBA/IMAG0101.jpg,MAMIFERO_MEDIANO,0.9999585151672363
RESULTS/crops_clahe/20240927051220_IM_00050_crop0.jpg,DATASET_COMPLETO_PRUEBA/20240927051220_IM_00050.JPG,MAMIFERO_MEDIANO,0.9850562214851379
RESULTS/crops_clahe/DSCF0139_crop0.jpg,DATASET_COMPLETO_PRUEBA/DSCF0139.JPG,AVE_PEQUEÑA,0.9805952310562134
RESULTS/crops_clahe/IM_00042_crop1.jpg,DATASET_COMPLETO_PRUEBA/IM_00042.JPG,AVE_PEQUEÑA,0.9903059005737305
RESULTS/crops_clahe/DSCF0105_crop0.jpg,DATASET_COMPLETO_PRUEBA/DSCF0105.JPG,MAMIFERO_GRANDE,0.9993114471435547
RESULTS/crops_clahe/DSCF0060_crop0.jpg,DATASET_COMPLETO_PRUEBA/DSCF0060.JPG,AVE_GRANDE,0.9817999601364136
RESULTS/crops_clahe/DSCF0432_crop0.jpg,DATASET_COMPLETO_PRUEBA/DSCF0432.JPG,MAMIFERO_PEQUEÑO,0.9995337724685669
RESULTS/crops_clahe/DSCF0318_crop0.jpg,DATASET_COMPLETO_PRUEBA/DSCF0318.JPG,AVE_PEQUEÑA,0.9951445460319519
RESULTS/crops_clahe/20240913152652_IM_00013_crop0.jpg,DATASET_COMPLETO_PRUEBA/20240913152652_IM_00013.JPG,AVE_PEQUEÑA,0.9853406548500061
RESULTS/crops_clahe/DSCF0338_crop0.jpg,DATASET_COMPLETO_PRUEBA/DSCF0338.JPG,AVE_PEQUEÑA,0.634484589099884
RESULTS/crops_clahe/DSCF0154_crop1.jpg,DATASET_COMPLETO_PRUEBA/DSCF0154.JPG,AVE_PEQUEÑA,0.9745534062385559
RESULTS/crops_clahe/IMAG0242_crop0.jpg,DATASET_COMPLETO_PRUEBA/IMAG0242.jpg,AVE_GRANDE,0.7209717035293579
RESULTS/crops_clahe/IMAG0177_crop0.jpg,DATASET_COMPLETO_PRUEBA/IMAG0177.jpg,AVE_GRANDE,0.9466879963874817
RESULTS/crops_clahe/IMAG0224_crop0.jpg,DATASET_COMPLETO_PRUEBA/IMAG0224.jpg,AVE_PEQUEÑA,0.9216245412826538
RESULTS/crops_clahe/IMAG0142_crop0.jpg,DATASET_COMPLETO_PRUEBA/IMAG0142.jpg,MAMIFERO_PEQUEÑO,0.9980556964874268
RESULTS/crops_clahe/20240912062238_IM_00009_crop0.jpg,DATASET_COMPLETO_PRUEBA/20240912062238_IM_00009.JPG,AVE_PEQUEÑA,0.9911260008811951
RESULTS/crops_clahe/IMAG0154_crop0.jpg,DATASET_COMPLETO_PRUEBA/IMAG0154.jpg,MAMIFERO_MEDIANO,0.9978481531143188
RESULTS/crops_clahe/DSCF0374_crop0.jpg,DATASET_COMPLETO_PRUEBA/DSCF0374.JPG,AVE_PEQUEÑA,0.8504254817962646
RESULTS/crops_clahe/IMAG0254_crop0.jpg,DATASET_COMPLETO_PRUEBA/IMAG0254.jpg,AVE_GRANDE,0.7783977389335632
RESULTS/crops_clahe/DSCF0430_crop0.jpg,DATASET_COMPLETO_PRUEBA/DSCF0430.JPG,AVE_GRANDE,0.9688801765441895
RESULTS/crops_clahe/IMAG0276_crop0.jpg,DATASET_COMPLETO_PRUEBA/IMAG0276.jpg,AVE_GRANDE,0.7140496373176575
RESULTS/crops_clahe/DSCF0400_crop0.jpg,DATASET_COMPLETO_PRUEBA/DSCF0400.JPG,MAMIFERO_PEQUEÑO,0.9781486988067627
RESULTS/crops_clahe/20241003095416_IM_00063_crop0.jpg,DATASET_COMPLETO_PRUEBA/20241003095416_IM_00063.JPG,AVE_PEQUEÑA,0.9332254528999329
RESULTS/crops_clahe/IMAG0050_crop0.jpg,DATASET_COMPLETO_PRUEBA/IMAG0050.jpg,MAMIFERO_PEQUEÑO,0.9997300505638123
RESULTS/crops_clahe/IM_00034_crop0.jpg,DATASET_COMPLETO_PRUEBA/IM_00034.JPG,AVE_PEQUEÑA,0.9750314354896545
RESULTS/crops_clahe/IM_00037_crop0.jpg,DATASET_COMPLETO_PRUEBA/IM_00037.JPG,AVE_GRANDE,0.9200533032417297
RESULTS/crops_clahe/DSCF0396_crop0.jpg,DATASET_COMPLETO_PRUEBA/DSCF0396.JPG,AVE_GRANDE,0.9099400639533997
RESULTS/crops_clahe/IMAG0084_crop0.jpg,DATASET_COMPLETO_PRUEBA/IMAG0084.jpg,AVE_GRANDE,0.9334568381309509
RESULTS/crops_clahe/DSCF0230_crop0.jpg,DATASET_COMPLETO_PRUEBA/DSCF0230.JPG,AVE_GRANDE,0.9769079685211182
RESULTS/crops_clahe/IMAG0016_crop0.jpg,DATASET_COMPLETO_PRUEBA/IMAG0016.jpg,MAMIFERO_MEDIANO,0.9999970197677612
RESULTS/crops_clahe/20240918060654_IM_00026_crop0.jpg,DATASET_COMPLETO_PRUEBA/20240918060654_IM_00026.JPG,AVE_PEQUEÑA,0.9979724287986755
RESULTS/crops_clahe/IMAG0225_crop0.jpg,DATASET_COMPLETO_PRUEBA/IMAG0225.jpg,AVE_PEQUEÑA,0.8724209070205688
RESULTS/crops_clahe/DSCF0196_crop0.jpg,DATASET_COMPLETO_PRUEBA/DSCF0196.JPG,MAMIFERO_MEDIANO,0.9999457597732544
RESULTS/crops_clahe/20240913175104_IM_00014_crop0.jpg,DATASET_COMPLETO_PRUEBA/20240913175104_IM_00014.JPG,AVE_PEQUEÑA,0.9997525811195374
RESULTS/crops_clahe/IM_00044_crop0.jpg,DATASET_COMPLETO_PRUEBA/IM_00044.JPG,AVE_GRANDE,0.7303870916366577
RESULTS/crops_clahe/IMAG0217_crop0.jpg,DATASET_COMPLETO_PRUEBA/IMAG0217.jpg,MAMIFERO_MEDIANO,0.999984622001648
RESULTS/crops_clahe/DSCF0062_crop0.jpg,DATASET_COMPLETO_PRUEBA/DSCF0062.JPG,AVE_PEQUEÑA,0.9366376399993896
RESULTS/crops_clahe/DSCF0050_crop0.jpg,DATASET_COMPLETO_PRUEBA/DSCF0050.JPG,RUIDO,0.9199701547622681
RESULTS/crops_clahe/DSCF0416_crop0.jpg,DATASET_COMPLETO_PRUEBA/DSCF0416.JPG,AVE_GRANDE,0.8930590152740479
RESULTS/crops_clahe/DSCF0300_crop0.jpg,DATASET_COMPLETO_PRUEBA/DSCF0300.JPG,AVE_GRANDE,0.9223551750183105
RESULTS/crops_clahe/DSCF0135_crop0.jpg,DATASET_COMPLETO_PRUEBA/DSCF0135.JPG,AVE_GRANDE,0.9890313744544983
RESULTS/crops_clahe/20240922054920_IM_00031_crop0.jpg,DATASET_COMPLETO_PRUEBA/20240922054920_IM_00031.JPG,AVE_PEQUEÑA,0.9989306330680847
RESULTS/crops_clahe/IMAG0004_crop0.jpg,DATASET_COMPLETO_PRUEBA/IMAG0004.jpg,AVE_GRANDE,0.8413457870483398
RESULTS/crops_clahe/DSCF0192_crop0.jpg,DATASET_COMPLETO_PRUEBA/DSCF0192.JPG,AVE_GRANDE,0.6801905632019043
RESULTS/crops_clahe/DSCF0242_crop0.jpg,DATASET_COMPLETO_PRUEBA/DSCF0242.JPG,MAMIFERO_PEQUEÑO,0.9996845722198486
RESULTS/crops_clahe/DSCF0390_crop0.jpg,DATASET_COMPLETO_PRUEBA/DSCF0390.JPG,AVE_PEQUEÑA,0.9058540463447571
RESULTS/crops_clahe/20240927062452_IM_00052_crop0.jpg,DATASET_COMPLETO_PRUEBA/20240927062452_IM_00052.JPG,AVE_PEQUEÑA,0.9935426712036133
RESULTS/crops_clahe/IMAG0030_crop0.jpg,DATASET_COMPLETO_PRUEBA/IMAG0030.jpg,MAMIFERO_PEQUEÑO,0.9992986917495728
RESULTS/crops_clahe/IMAG0116_crop0.jpg,DATASET_COMPLETO_PRUEBA/IMAG0116.jpg,MAMIFERO_MEDIANO,0.9999866485595703
RESULTS/crops_clahe/DSCF0524_crop0.jpg,DATASET_COMPLETO_PRUEBA/DSCF0524.JPG,AVE_GRANDE,0.9856827855110168
RESULTS/crops_clahe/IM_00043_crop0.jpg,DATASET_COMPLETO_PRUEBA/IM_00043.JPG,AVE_PEQUEÑA,0.9892828464508057
RESULTS/crops_clahe/DSCF0157_crop0.jpg,DATASET_COMPLETO_PRUEBA/DSCF0157.JPG,AVE_GRANDE,0.9744219779968262
RESULTS/crops_clahe/DSCF0154_crop0.jpg,DATASET_COMPLETO_PRUEBA/DSCF0154.JPG,AVE_PEQUEÑA,0.9974047541618347
RESULTS/crops_clahe/DSCF0346_crop0.jpg,DATASET_COMPLETO_PRUEBA/DSCF0346.JPG,AVE_PEQUEÑA,0.725310206413269
RESULTS/crops_clahe/DSCF0272_crop0.jpg,DATASET_COMPLETO_PRUEBA/DSCF0272.JPG,RUIDO,0.8453035950660706
RESULTS/crops_clahe/DSCF0334_crop0.jpg,DATASET_COMPLETO_PRUEBA/DSCF0334.JPG,AVE_GRANDE,0.5980924367904663
RESULTS/crops_clahe/20240914060804_IM_00016_crop0.jpg,DATASET_COMPLETO_PRUEBA/20240914060804_IM_00016.JPG,AVE_PEQUEÑA,0.9999450445175171
RESULTS/crops_clahe/IMAG0046_crop0.jpg,DATASET_COMPLETO_PRUEBA/IMAG0046.jpg,AVE_GRANDE,0.9305693507194519
RESULTS/crops_clahe/DSCF0124_crop0.jpg,DATASET_COMPLETO_PRUEBA/DSCF0124.JPG,AVE_PEQUEÑA,0.9861857891082764
RESULTS/crops_clahe/IMAG0185_crop0.jpg,DATASET_COMPLETO_PRUEBA/IMAG0185.jpg,MAMIFERO_MEDIANO,0.9982193112373352
RESULTS/crops_clahe/20240915103218_IM_00020_crop0.jpg,DATASET_COMPLETO_PRUEBA/20240915103218_IM_00020.JPG,AVE_PEQUEÑA,0.5443726181983948
RESULTS/crops_clahe/DSCF0102_crop0.jpg,DATASET_COMPLETO_PRUEBA/DSCF0102.JPG,AVE_PEQUEÑA,0.6952540278434753
RESULTS/crops_clahe/DSCF0216_crop0.jpg,DATASET_COMPLETO_PRUEBA/DSCF0216.JPG,MAMIFERO_PEQUEÑO,0.9953762292861938
RESULTS/crops_clahe/DSCF0366_crop0.jpg,DATASET_COMPLETO_PRUEBA/DSCF0366.JPG,AVE_PEQUEÑA,0.9962421655654907
RESULTS/crops_clahe/DSCF0108_crop0.jpg,DATASET_COMPLETO_PRUEBA/DSCF0108.JPG,MAMIFERO_PEQUEÑO,0.9983407258987427
RESULTS/crops_clahe/IMAG0112_crop0.jpg,DATASET_COMPLETO_PRUEBA/IMAG0112.jpg,MAMIFERO_MEDIANO,0.5850656032562256
RESULTS/crops_clahe/DSCF0392_crop0.jpg,DATASET_COMPLETO_PRUEBA/DSCF0392.JPG,AVE_GRANDE,0.9261099100112915
RESULTS/crops_clahe/IMAG0202_crop0.jpg,DATASET_COMPLETO_PRUEBA/IMAG0202.jpg,AVE_GRANDE,0.9548357129096985
RESULTS/crops_clahe/20241003055854_IM_00061_crop0.jpg,DATASET_COMPLETO_PRUEBA/20241003055854_IM_00061.JPG,AVE_PEQUEÑA,0.7258564233779907
RESULTS/crops_clahe/IMAG0065_crop0.jpg,DATASET_COMPLETO_PRUEBA/IMAG0065.jpg,AVE_GRANDE,0.9646220207214355
RESULTS/crops_clahe/DSCF0074_crop0.jpg,DATASET_COMPLETO_PRUEBA/DSCF0074.JPG,RUIDO,0.710237443447113
RESULTS/crops_clahe/IMAG0014_crop0.jpg,DATASET_COMPLETO_PRUEBA/IMAG0014.jpg,MAMIFERO_MEDIANO,0.9999985694885254
RESULTS/crops_clahe/DSCF0014_crop0.jpg,DATASET_COMPLETO_PRUEBA/DSCF0014.JPG,AVE_PEQUEÑA,0.9998645782470703
RESULTS/crops_clahe/DSCF0526_crop0.jpg,DATASET_COMPLETO_PRUEBA/DSCF0526.JPG,RUIDO,0.6092703342437744
RESULTS/crops_clahe/IMAG0074_crop0.jpg,DATASET_COMPLETO_PRUEBA/IMAG0074.jpg,MAMIFERO_MEDIANO,0.9999794960021973
RESULTS/crops_clahe/IMAG0218_crop0.jpg,DATASET_COMPLETO_PRUEBA/IMAG0218.jpg,MAMIFERO_MEDIANO,0.9999942779541016
RESULTS/crops_clahe/DSCF0268_crop0.jpg,DATASET_COMPLETO_PRUEBA/DSCF0268.JPG,AVE_GRANDE,0.9765293598175049
RESULTS/crops_clahe/IMAG0318_crop0.jpg,DATASET_COMPLETO_PRUEBA/IMAG0318.jpg,MAMIFERO_MEDIANO,0.9948333501815796
RESULTS/crops_clahe/DSCF0088_crop0.jpg,DATASET_COMPLETO_PRUEBA/DSCF0088.JPG,AVE_PEQUEÑA,0.9992901086807251
RESULTS/crops_clahe/IM_00028_crop0.jpg,DATASET_COMPLETO_PRUEBA/IM_00028.JPG,AVE_PEQUEÑA,0.9719381928443909
RESULTS/crops_clahe/IMAG0118_crop0.jpg,DATASET_COMPLETO_PRUEBA/IMAG0118.jpg,MAMIFERO_MEDIANO,0.9996123909950256
RESULTS/crops_clahe/IMAG0108_crop0.jpg,DATASET_COMPLETO_PRUEBA/IMAG0108.jpg,AVE_GRANDE,0.6529595851898193
RESULTS/crops_clahe/IMAG0025_crop0.jpg,DATASET_COMPLETO_PRUEBA/IMAG0025.jpg,MAMIFERO_MEDIANO,0.9992567896842957
RESULTS/crops_clahe/IM_00038_crop0.jpg,DATASET_COMPLETO_PRUEBA/IM_00038.JPG,AVE_PEQUEÑA,0.995938777923584
RESULTS/crops_clahe/DSCF0406_crop0.jpg,DATASET_COMPLETO_PRUEBA/DSCF0406.JPG,AVE_PEQUEÑA,0.9602317810058594
RESULTS/crops_clahe/DSCF0222_crop0.jpg,DATASET_COMPLETO_PRUEBA/DSCF0222.JPG,MAMIFERO_PEQUEÑO,0.9160252213478088
RESULTS/crops_clahe/DSCF0244_crop0.jpg,DATASET_COMPLETO_PRUEBA/DSCF0244.JPG,MAMIFERO_PEQUEÑO,0.9999994039535522
RESULTS/crops_clahe/DSCF0260_crop0.jpg,DATASET_COMPLETO_PRUEBA/DSCF0260.JPG,AVE_GRANDE,0.8549721240997314
RESULTS/crops_clahe/20240908075142_IM_00001_crop0.jpg,DATASET_COMPLETO_PRUEBA/20240908075142_IM_00001.JPG,MAMIFERO_MEDIANO,0.9999943971633911
RESULTS/crops_clahe/DSCF0146_crop0.jpg,DATASET_COMPLETO_PRUEBA/DSCF0146.JPG,AVE_PEQUEÑA,0.5647430419921875
RESULTS/crops_clahe/IMAG0277_crop0.jpg,DATASET_COMPLETO_PRUEBA/IMAG0277.jpg,AVE_GRANDE,0.7842423319816589
RESULTS/crops_clahe/IMAG0285_crop0.jpg,DATASET_COMPLETO_PRUEBA/IMAG0285.jpg,MAMIFERO_MEDIANO,0.999993085861206
RESULTS/crops_clahe/IMAG0062_crop0.jpg,DATASET_COMPLETO_PRUEBA/IMAG0062.jpg,AVE_PEQUEÑA,0.9979838132858276
RESULTS/crops_clahe/DSCF0534_crop0.jpg,DATASET_COMPLETO_PRUEBA/DSCF0534.JPG,RUIDO,0.8135553002357483
RESULTS/crops_clahe/IMAG0178_crop0.jpg,DATASET_COMPLETO_PRUEBA/IMAG0178.jpg,AVE_GRANDE,0.9397244453430176
RESULTS/crops_clahe/IMAG0174_crop0.jpg,DATASET_COMPLETO_PRUEBA/IMAG0174.jpg,MAMIFERO_MEDIANO,0.9997193217277527
RESULTS/crops_clahe/DSCF0258_crop0.jpg,DATASET_COMPLETO_PRUEBA/DSCF0258.JPG,AVE_GRANDE,0.9770988821983337
RESULTS/crops_clahe/DSCF0082_crop0.jpg,DATASET_COMPLETO_PRUEBA/DSCF0082.JPG,MAMIFERO_PEQUEÑO,0.9999909400939941
RESULTS/crops_clahe/DSCF0280_crop0.jpg,DATASET_COMPLETO_PRUEBA/DSCF0280.JPG,MAMIFERO_MEDIANO,0.999996542930603
RESULTS/crops_clahe/IMAG0082_crop0.jpg,DATASET_COMPLETO_PRUEBA/IMAG0082.jpg,MAMIFERO_MEDIANO,0.9999901056289673
RESULTS/crops_clahe/DSCF0322_crop0.jpg,DATASET_COMPLETO_PRUEBA/DSCF0322.JPG,AVE_GRANDE,0.9399193525314331
RESULTS/crops_clahe/DSCF0362_crop0.jpg,DATASET_COMPLETO_PRUEBA/DSCF0362.JPG,AVE_PEQUEÑA,0.6328237652778625
RESULTS/crops_clahe/DSCF0116_crop0.jpg,DATASET_COMPLETO_PRUEBA/DSCF0116.JPG,MAMIFERO_PEQUEÑO,0.9997454285621643
RESULTS/crops_clahe/20240915102040_IM_00019_crop0.jpg,DATASET_COMPLETO_PRUEBA/20240915102040_IM_00019.JPG,AVE_GRANDE,0.6506133675575256
RESULTS/crops_clahe/DSCF0092_crop0.jpg,DATASET_COMPLETO_PRUEBA/DSCF0092.JPG,MAMIFERO_MEDIANO,0.9982534050941467
RESULTS/crops_clahe/20240912173900_IM_00010_crop0.jpg,DATASET_COMPLETO_PRUEBA/20240912173900_IM_00010.JPG,AVE_PEQUEÑA,0.9995715022087097
RESULTS/crops_clahe/20240928061112_IM_00055_crop0.jpg,DATASET_COMPLETO_PRUEBA/20240928061112_IM_00055.JPG,AVE_PEQUEÑA,0.9934049248695374
RESULTS/crops_clahe/DSCF0101_crop0.jpg,DATASET_COMPLETO_PRUEBA/DSCF0101.JPG,AVE_GRANDE,0.9918715953826904
RESULTS/crops_clahe/IMAG0293_crop0.jpg,DATASET_COMPLETO_PRUEBA/IMAG0293.jpg,AVE_GRANDE,0.9956396818161011
RESULTS/crops_clahe/DSCF0228_crop0.jpg,DATASET_COMPLETO_PRUEBA/DSCF0228.JPG,AVE_GRANDE,0.8934788703918457
RESULTS/crops_clahe/20240925060322_IM_00044_crop0.jpg,DATASET_COMPLETO_PRUEBA/20240925060322_IM_00044.JPG,AVE_PEQUEÑA,0.9907822012901306
RESULTS/crops_clahe/IM_00004_crop0.jpg,DATASET_COMPLETO_PRUEBA/IM_00004.JPG,AVE_PEQUEÑA,0.9966784715652466
RESULTS/crops_clahe/IMAG0158_crop0.jpg,DATASET_COMPLETO_PRUEBA/IMAG0158.jpg,AVE_GRANDE,0.9958323836326599
RESULTS/crops_clahe/20240913104928_IM_00012_crop0.jpg,DATASET_COMPLETO_PRUEBA/20240913104928_IM_00012.JPG,AVE_PEQUEÑA,0.9649637937545776
RESULTS/crops_clahe/20240930063158_IM_00057_crop0.jpg,DATASET_COMPLETO_PRUEBA/20240930063158_IM_00057.JPG,MAMIFERO_PEQUEÑO,0.9981511235237122
RESULTS/crops_clahe/IM_00015_crop0.jpg,DATASET_COMPLETO_PRUEBA/IM_00015.JPG,AVE_GRANDE,0.9738637208938599
RESULTS/crops_clahe/IMAG0272_crop0.jpg,DATASET_COMPLETO_PRUEBA/IMAG0272.jpg,AVE_GRANDE,0.9602588415145874
RESULTS/crops_clahe/20241010060244_IM_00076_crop0.jpg,DATASET_COMPLETO_PRUEBA/20241010060244_IM_00076.JPG,AVE_PEQUEÑA,0.8669200539588928
RESULTS/crops_clahe/DSCF0144_crop0.jpg,DATASET_COMPLETO_PRUEBA/DSCF0144.JPG,MAMIFERO_MEDIANO,0.9999839067459106
RESULTS/crops_clahe/IMAG0113_crop0.jpg,DATASET_COMPLETO_PRUEBA/IMAG0113.jpg,MAMIFERO_MEDIANO,0.8495341539382935
RESULTS/crops_clahe/IMAG0125_crop0.jpg,DATASET_COMPLETO_PRUEBA/IMAG0125.jpg,MAMIFERO_PEQUEÑO,0.9993852376937866
RESULTS/crops_clahe/DSCF0114_crop0.jpg,DATASET_COMPLETO_PRUEBA/DSCF0114.JPG,AVE_PEQUEÑA,0.7116372585296631
RESULTS/crops_clahe/DSCF0160_crop0.jpg,DATASET_COMPLETO_PRUEBA/DSCF0160.JPG,MAMIFERO_MEDIANO,0.5242564678192139
RESULTS/crops_clahe/IMAG0316_crop0.jpg,DATASET_COMPLETO_PRUEBA/IMAG0316.jpg,MAMIFERO_MEDIANO,0.9731135964393616
RESULTS/crops_clahe/IMAG0144_crop0.jpg,DATASET_COMPLETO_PRUEBA/IMAG0144.jpg,MAMIFERO_MEDIANO,0.9999191761016846
RESULTS/crops_clahe/IM_00045_crop0.jpg,DATASET_COMPLETO_PRUEBA/IM_00045.JPG,AVE_GRANDE,0.9346576929092407
RESULTS/crops_clahe/20241004173100_IM_00068_crop0.jpg,DATASET_COMPLETO_PRUEBA/20241004173100_IM_00068.JPG,RUIDO,0.5236379504203796
RESULTS/crops_clahe/DSCF0234_crop0.jpg,DATASET_COMPLETO_PRUEBA/DSCF0234.JPG,AVE_GRANDE,0.9982169270515442
RESULTS/crops_clahe/20240909185556_IM_00005_crop0.jpg,DATASET_COMPLETO_PRUEBA/20240909185556_IM_00005.JPG,MAMIFERO_MEDIANO,0.9988798499107361
RESULTS/crops_clahe/IMAG0069_crop0.jpg,DATASET_COMPLETO_PRUEBA/IMAG0069.jpg,MAMIFERO_MEDIANO,0.7235314846038818
RESULTS/crops_clahe/DSCF0141_crop0.jpg,DATASET_COMPLETO_PRUEBA/DSCF0141.JPG,AVE_GRANDE,0.9277878999710083
RESULTS/crops_clahe/DSCF0282_crop0.jpg,DATASET_COMPLETO_PRUEBA/DSCF0282.JPG,MAMIFERO_PEQUEÑO,0.9851400256156921
RESULTS/crops_clahe/IMAG0196_crop0.jpg,DATASET_COMPLETO_PRUEBA/IMAG0196.jpg,AVE_GRANDE,0.8322044014930725
RESULTS/crops_clahe/IMAG0241_crop0.jpg,DATASET_COMPLETO_PRUEBA/IMAG0241.jpg,AVE_GRANDE,0.7002943158149719
RESULTS/crops_clahe/IMAG0197_crop0.jpg,DATASET_COMPLETO_PRUEBA/IMAG0197.jpg,AVE_GRANDE,0.7345613837242126
RESULTS/crops_clahe/IMAG0301_crop0.jpg,DATASET_COMPLETO_PRUEBA/IMAG0301.jpg,AVE_PEQUEÑA,0.7417507767677307
RESULTS/crops_clahe/DSCF0326_crop0.jpg,DATASET_COMPLETO_PRUEBA/DSCF0326.JPG,AVE_GRANDE,0.6975482106208801
RESULTS/crops_clahe/20241010181128_IM_00077_crop0.jpg,DATASET_COMPLETO_PRUEBA/20241010181128_IM_00077.JPG,AVE_PEQUEÑA,0.9218708276748657
RESULTS/crops_clahe/DSCF0052_crop0.jpg,DATASET_COMPLETO_PRUEBA/DSCF0052.JPG,AVE_GRANDE,0.9851144552230835
RESULTS/crops_clahe/IMAG0012_crop0.jpg,DATASET_COMPLETO_PRUEBA/IMAG0012.jpg,MAMIFERO_MEDIANO,0.999988317489624
RESULTS/crops_clahe/DSCF0502_crop0.jpg,DATASET_COMPLETO_PRUEBA/DSCF0502.JPG,MAMIFERO_MEDIANO,0.9998108744621277
RESULTS/crops_clahe/DSCF0328_crop0.jpg,DATASET_COMPLETO_PRUEBA/DSCF0328.JPG,AVE_PEQUEÑA,0.8239037990570068
RESULTS/crops_clahe/DSCF0008_crop0.jpg,DATASET_COMPLETO_PRUEBA/DSCF0008.JPG,AVE_GRANDE,0.4998876750469208
RESULTS/crops_clahe/IMAG0008_crop0.jpg,DATASET_COMPLETO_PRUEBA/IMAG0008.jpg,MAMIFERO_PEQUEÑO,0.9999958276748657
RESULTS/crops_clahe/DSCF0536_crop0.jpg,DATASET_COMPLETO_PRUEBA/DSCF0536.JPG,AVE_PEQUEÑA,0.9971066117286682
RESULTS/crops_clahe/IMAG0134_crop0.jpg,DATASET_COMPLETO_PRUEBA/IMAG0134.jpg,AVE_PEQUEÑA,0.9056220054626465
RESULTS/crops_clahe/IMAG0157_crop0.jpg,DATASET_COMPLETO_PRUEBA/IMAG0157.jpg,AVE_PEQUEÑA,0.5132654905319214
RESULTS/crops_clahe/IMAG0066_crop0.jpg,DATASET_COMPLETO_PRUEBA/IMAG0066.jpg,MAMIFERO_MEDIANO,0.9993594288825989
RESULTS/crops_clahe/DSCF0342_crop0.jpg,DATASET_COMPLETO_PRUEBA/DSCF0342.JPG,AVE_PEQUEÑA,0.9584243297576904
RESULTS/crops_clahe/20240915060548_IM_00017_crop0.jpg,DATASET_COMPLETO_PRUEBA/20240915060548_IM_00017.JPG,AVE_PEQUEÑA,0.9981110095977783
RESULTS/crops_clahe/IMAG0274_crop0.jpg,DATASET_COMPLETO_PRUEBA/IMAG0274.jpg,AVE_GRANDE,0.9911732077598572
RESULTS/crops_clahe/DSCF0232_crop0.jpg,DATASET_COMPLETO_PRUEBA/DSCF0232.JPG,AVE_GRANDE,0.9873099327087402
RESULTS/crops_clahe/IMAG0045_crop0.jpg,DATASET_COMPLETO_PRUEBA/IMAG0045.jpg,MAMIFERO_MEDIANO,0.9998756647109985
RESULTS/crops_clahe/DSCF0404_crop0.jpg,DATASET_COMPLETO_PRUEBA/DSCF0404.JPG,MAMIFERO_PEQUEÑO,0.9998393058776855
RESULTS/crops_clahe/20240927034402_IM_00047_crop0.jpg,DATASET_COMPLETO_PRUEBA/20240927034402_IM_00047.JPG,MAMIFERO_MEDIANO,0.9999874830245972
RESULTS/crops_clahe/20240924060000_IM_00038_crop0.jpg,DATASET_COMPLETO_PRUEBA/20240924060000_IM_00038.JPG,AVE_PEQUEÑA,0.9993240833282471
RESULTS/crops_clahe/IMAG0120_crop0.jpg,DATASET_COMPLETO_PRUEBA/IMAG0120.jpg,MAMIFERO_MEDIANO,0.9998397827148438
RESULTS/crops_clahe/DSCF0398_crop0.jpg,DATASET_COMPLETO_PRUEBA/DSCF0398.JPG,RUIDO,0.8900929689407349
RESULTS/crops_clahe/DSCF0236_crop0.jpg,DATASET_COMPLETO_PRUEBA/DSCF0236.JPG,AVE_GRANDE,0.9824380278587341
RESULTS/crops_clahe/DSCF0250_crop0.jpg,DATASET_COMPLETO_PRUEBA/DSCF0250.JPG,MAMIFERO_PEQUEÑO,0.9999719858169556
RESULTS/crops_clahe/IMAG0106_crop0.jpg,DATASET_COMPLETO_PRUEBA/IMAG0106.jpg,AVE_GRANDE,0.7612659931182861
RESULTS/crops_clahe/IM_00014_crop0.jpg,DATASET_COMPLETO_PRUEBA/IM_00014.JPG,AVE_PEQUEÑA,0.599984347820282
RESULTS/crops_clahe/IMAG0100_crop0.jpg,DATASET_COMPLETO_PRUEBA/IMAG0100.jpg,MAMIFERO_MEDIANO,0.999967098236084
RESULTS/crops_clahe/DSCF0276_crop0.jpg,DATASET_COMPLETO_PRUEBA/DSCF0276.JPG,MAMIFERO_MEDIANO,0.9999995231628418
RESULTS/crops_clahe/IMAG0172_crop0.jpg,DATASET_COMPLETO_PRUEBA/IMAG0172.jpg,MAMIFERO_MEDIANO,0.9999324083328247
RESULTS/crops_clahe/20241007210110_IM_00071_crop0.jpg,DATASET_COMPLETO_PRUEBA/20241007210110_IM_00071.JPG,MAMIFERO_MEDIANO,0.9909617304801941
RESULTS/crops_clahe/IMAG0148_crop0.jpg,DATASET_COMPLETO_PRUEBA/IMAG0148.jpg,MAMIFERO_MEDIANO,0.9999736547470093
RESULTS/crops_clahe/20240927082452_IM_00054_crop0.jpg,DATASET_COMPLETO_PRUEBA/20240927082452_IM_00054.JPG,AVE_PEQUEÑA,0.9823856949806213
RESULTS/crops_clahe/DSCF0100_crop0.jpg,DATASET_COMPLETO_PRUEBA/DSCF0100.JPG,AVE_PEQUEÑA,0.7038230299949646
RESULTS/crops_clahe/DSCF0158_crop0.jpg,DATASET_COMPLETO_PRUEBA/DSCF0158.JPG,AVE_PEQUEÑA,0.5199496150016785
RESULTS/crops_clahe/20240917110528_IM_00023_crop0.jpg,DATASET_COMPLETO_PRUEBA/20240917110528_IM_00023.JPG,AVE_PEQUEÑA,0.9878639578819275
RESULTS/crops_clahe/20241010185220_IM_00078_crop0.jpg,DATASET_COMPLETO_PRUEBA/20241010185220_IM_00078.JPG,MAMIFERO_MEDIANO,0.9997902512550354
RESULTS/crops_clahe/DSCF0168_crop0.jpg,DATASET_COMPLETO_PRUEBA/DSCF0168.JPG,MAMIFERO_PEQUEÑO,0.9999157190322876
RESULTS/crops_clahe/DSCF0270_crop0.jpg,DATASET_COMPLETO_PRUEBA/DSCF0270.JPG,AVE_GRANDE,0.9313716888427734
RESULTS/crops_clahe/DSCF0046_crop0.jpg,DATASET_COMPLETO_PRUEBA/DSCF0046.JPG,MAMIFERO_MEDIANO,0.6406875252723694
RESULTS/crops_clahe/DSCF0226_crop0.jpg,DATASET_COMPLETO_PRUEBA/DSCF0226.JPG,AVE_GRANDE,0.9783042669296265
RESULTS/crops_clahe/IMAG0058_crop0.jpg,DATASET_COMPLETO_PRUEBA/IMAG0058.jpg,MAMIFERO_MEDIANO,0.8056979775428772
RESULTS/crops_clahe/20241003161200_IM_00064_crop0.jpg,DATASET_COMPLETO_PRUEBA/20241003161200_IM_00064.JPG,AVE_PEQUEÑA,0.9587810039520264
RESULTS/crops_clahe/DSCF0330_crop0.jpg,DATASET_COMPLETO_PRUEBA/DSCF0330.JPG,AVE_GRANDE,0.6279469132423401
RESULTS/crops_clahe/IMAG0056_crop0.jpg,DATASET_COMPLETO_PRUEBA/IMAG0056.jpg,AVE_GRANDE,0.8156247735023499
RESULTS/crops_clahe/IMAG0180_crop0.jpg,DATASET_COMPLETO_PRUEBA/IMAG0180.jpg,MAMIFERO_MEDIANO,0.9985608458518982
RESULTS/crops_clahe/IM_00047_crop0.jpg,DATASET_COMPLETO_PRUEBA/IM_00047.JPG,AVE_PEQUEÑA,0.8961673974990845
RESULTS/crops_clahe/20241004173222_IM_00069_crop0.jpg,DATASET_COMPLETO_PRUEBA/20241004173222_IM_00069.JPG,AVE_PEQUEÑA,0.9588625431060791
RESULTS/crops_clahe/DSCF0414_crop0.jpg,DATASET_COMPLETO_PRUEBA/DSCF0414.JPG,AVE_GRANDE,0.968569278717041
RESULTS/crops_clahe/IMAG0194_crop0.jpg,DATASET_COMPLETO_PRUEBA/IMAG0194.jpg,AVE_GRANDE,0.9442020058631897
RESULTS/crops_clahe/IMAG0257_crop0.jpg,DATASET_COMPLETO_PRUEBA/IMAG0257.jpg,AVE_GRANDE,0.9995043277740479
RESULTS/crops_clahe/20240930154708_IM_00058_crop0.jpg,DATASET_COMPLETO_PRUEBA/20240930154708_IM_00058.JPG,MAMIFERO_PEQUEÑO,0.9995212554931641
RESULTS/crops_clahe/DSCF0004_crop1.jpg,DATASET_COMPLETO_PRUEBA/DSCF0004.JPG,AVE_PEQUEÑA,0.7687625885009766
RESULTS/crops_clahe/DSCF0020_crop0.jpg,DATASET_COMPLETO_PRUEBA/DSCF0020.JPG,RUIDO,0.8253290057182312
RESULTS/crops_clahe/IMAG0300_crop0.jpg,DATASET_COMPLETO_PRUEBA/IMAG0300.jpg,RUIDO,0.668594241142273
RESULTS/crops_clahe/DSCF0224_crop0.jpg,DATASET_COMPLETO_PRUEBA/DSCF0224.JPG,AVE_GRANDE,0.9897185564041138
RESULTS/crops_clahe/IMAG0024_crop0.jpg,DATASET_COMPLETO_PRUEBA/IMAG0024.jpg,MAMIFERO_MEDIANO,0.9999978542327881
RESULTS/crops_clahe/DSCF0332_crop0.jpg,DATASET_COMPLETO_PRUEBA/DSCF0332.JPG,MAMIFERO_PEQUEÑO,0.9995043277740479
RESULTS/crops_clahe/IMAG0129_crop0.jpg,DATASET_COMPLETO_PRUEBA/IMAG0129.jpg,MAMIFERO_MEDIANO,0.9999889135360718
RESULTS/crops_clahe/IMAG0270_crop0.jpg,DATASET_COMPLETO_PRUEBA/IMAG0270.jpg,AVE_GRANDE,0.9901006817817688
RESULTS/crops_clahe/IMAG0041_crop0.jpg,DATASET_COMPLETO_PRUEBA/IMAG0041.jpg,MAMIFERO_MEDIANO,0.9999988079071045
RESULTS/crops_clahe/DSCF0372_crop0.jpg,DATASET_COMPLETO_PRUEBA/DSCF0372.JPG,MAMIFERO_MEDIANO,0.999996542930603
RESULTS/crops_clahe/DSCF0130_crop0.jpg,DATASET_COMPLETO_PRUEBA/DSCF0130.JPG,MAMIFERO_PEQUEÑO,0.9734135270118713
RESULTS/crops_clahe/DSCF0344_crop0.jpg,DATASET_COMPLETO_PRUEBA/DSCF0344.JPG,AVE_PEQUEÑA,0.5493810772895813
RESULTS/crops_clahe/IMAG0093_crop0.jpg,DATASET_COMPLETO_PRUEBA/IMAG0093.jpg,MAMIFERO_MEDIANO,0.9999997615814209
RESULTS/crops_clahe/IM_00020_crop0.jpg,DATASET_COMPLETO_PRUEBA/IM_00020.JPG,AVE_PEQUEÑA,0.9843688011169434
RESULTS/crops_clahe/DSCF0310_crop0.jpg,DATASET_COMPLETO_PRUEBA/DSCF0310.JPG,AVE_PEQUEÑA,0.9895514845848083
RESULTS/crops_clahe/IMAG0137_crop0.jpg,DATASET_COMPLETO_PRUEBA/IMAG0137.jpg,MAMIFERO_MEDIANO,0.9999908208847046
RESULTS/crops_clahe/DSCF0136_crop0.jpg,DATASET_COMPLETO_PRUEBA/DSCF0136.JPG,AVE_GRANDE,0.9727107882499695
RESULTS/crops_clahe/IMAG0186_crop0.jpg,DATASET_COMPLETO_PRUEBA/IMAG0186.jpg,MAMIFERO_MEDIANO,0.9999701976776123
RESULTS/crops_clahe/IMAG0072_crop0.jpg,DATASET_COMPLETO_PRUEBA/IMAG0072.jpg,MAMIFERO_MEDIANO,0.9997555613517761
RESULTS/crops_clahe/20240913104430_IM_00011_crop0.jpg,DATASET_COMPLETO_PRUEBA/20240913104430_IM_00011.JPG,AVE_PEQUEÑA,0.9773539900779724
RESULTS/crops_clahe/IMAG0181_crop0.jpg,DATASET_COMPLETO_PRUEBA/IMAG0181.jpg,MAMIFERO_MEDIANO,0.9999750852584839
RESULTS/crops_clahe/DSCF0180_crop0.jpg,DATASET_COMPLETO_PRUEBA/DSCF0180.JPG,MAMIFERO_MEDIANO,0.9999529123306274
RESULTS/crops_clahe/DSCF0113_crop0.jpg,DATASET_COMPLETO_PRUEBA/DSCF0113.JPG,MAMIFERO_PEQUEÑO,0.9999953508377075
RESULTS/crops_clahe/IMAG0117_crop0.jpg,DATASET_COMPLETO_PRUEBA/IMAG0117.jpg,MAMIFERO_MEDIANO,0.9998282194137573
RESULTS/crops_clahe/DSCF0106_crop0.jpg,DATASET_COMPLETO_PRUEBA/DSCF0106.JPG,MAMIFERO_PEQUEÑO,0.9999880790710449
RESULTS/crops_clahe/IMAG0028_crop0.jpg,DATASET_COMPLETO_PRUEBA/IMAG0028.jpg,RUIDO,0.9716411232948303
RESULTS/crops_clahe/DSCF0316_crop0.jpg,DATASET_COMPLETO_PRUEBA/DSCF0316.JPG,MAMIFERO_MEDIANO,0.9999140501022339
RESULTS/crops_clahe/DSCF0150_crop0.jpg,DATASET_COMPLETO_PRUEBA/DSCF0150.JPG,MAMIFERO_PEQUEÑO,0.9992313385009766
RESULTS/crops_clahe/IMAG0268_crop0.jpg,DATASET_COMPLETO_PRUEBA/IMAG0268.jpg,AVE_GRANDE,0.9493374824523926
RESULTS/crops_clahe/20240923205752_IM_00037_crop0.jpg,DATASET_COMPLETO_PRUEBA/20240923205752_IM_00037.JPG,MAMIFERO_MEDIANO,0.9994275569915771
RESULTS/crops_clahe/IM_00013_crop0.jpg,DATASET_COMPLETO_PRUEBA/IM_00013.JPG,AVE_PEQUEÑA,0.9961586594581604
RESULTS/crops_clahe/IMAG0188_crop0.jpg,DATASET_COMPLETO_PRUEBA/IMAG0188.jpg,AVE_GRANDE,0.5620346665382385
RESULTS/crops_clahe/20241003094952_IM_00062_crop0.jpg,DATASET_COMPLETO_PRUEBA/20241003094952_IM_00062.JPG,AVE_PEQUEÑA,0.8047983646392822
RESULTS/crops_clahe/IMAG0292_crop0.jpg,DATASET_COMPLETO_PRUEBA/IMAG0292.jpg,AVE_GRANDE,0.9981343150138855
RESULTS/crops_clahe/20240926221144_IM_00046_crop0.jpg,DATASET_COMPLETO_PRUEBA/20240926221144_IM_00046.JPG,MAMIFERO_MEDIANO,0.9999431371688843
RESULTS/crops_clahe/IMAG0096_crop1.jpg,DATASET_COMPLETO_PRUEBA/IMAG0096.jpg,RUIDO,0.9994542002677917
RESULTS/crops_clahe/DSCF0246_crop0.jpg,DATASET_COMPLETO_PRUEBA/DSCF0246.JPG,MAMIFERO_PEQUEÑO,0.9996902942657471
RESULTS/crops_clahe/IM_00012_crop0.jpg,DATASET_COMPLETO_PRUEBA/IM_00012.JPG,AVE_PEQUEÑA,0.9731743335723877
RESULTS/crops_clahe/IMAG0264_crop0.jpg,DATASET_COMPLETO_PRUEBA/IMAG0264.jpg,AVE_GRANDE,0.99615877866745
RESULTS/crops_clahe/IMAG0098_crop0.jpg,DATASET_COMPLETO_PRUEBA/IMAG0098.jpg,MAMIFERO_MEDIANO,0.9999969005584717
RESULTS/crops_clahe/IMAG0192_crop0.jpg,DATASET_COMPLETO_PRUEBA/IMAG0192.jpg,AVE_GRANDE,0.9470791816711426
RESULTS/crops_clahe/DSCF0002_crop0.jpg,DATASET_COMPLETO_PRUEBA/DSCF0002.JPG,MAMIFERO_MEDIANO,0.9999639987945557
RESULTS/crops_clahe/IMAG0200_crop0.jpg,DATASET_COMPLETO_PRUEBA/IMAG0200.jpg,AVE_GRANDE,0.9893961548805237
RESULTS/crops_clahe/DSCF0179_crop0.jpg,DATASET_COMPLETO_PRUEBA/DSCF0179.JPG,MAMIFERO_MEDIANO,0.9998914003372192
RESULTS/crops_clahe/DSCF0131_crop0.jpg,DATASET_COMPLETO_PRUEBA/DSCF0131.JPG,AVE_GRANDE,0.9297978281974792
RESULTS/crops_clahe/IMAG0060_crop0.jpg,DATASET_COMPLETO_PRUEBA/IMAG0060.jpg,MAMIFERO_MEDIANO,0.9771991968154907
RESULTS/crops_clahe/DSCF0278_crop0.jpg,DATASET_COMPLETO_PRUEBA/DSCF0278.JPG,MAMIFERO_PEQUEÑO,0.9923553466796875
RESULTS/crops_clahe/DSCF0340_crop0.jpg,DATASET_COMPLETO_PRUEBA/DSCF0340.JPG,AVE_PEQUEÑA,0.8736622333526611
RESULTS/crops_clahe/IM_00016_crop0.jpg,DATASET_COMPLETO_PRUEBA/IM_00016.JPG,MAMIFERO_MEDIANO,0.9999980926513672
RESULTS/crops_clahe/IMAG0138_crop0.jpg,DATASET_COMPLETO_PRUEBA/IMAG0138.jpg,MAMIFERO_MEDIANO,0.9999583959579468
RESULTS/crops_clahe/IMAG0077_crop0.jpg,DATASET_COMPLETO_PRUEBA/IMAG0077.jpg,MAMIFERO_MEDIANO,0.9999971389770508
RESULTS/crops_clahe/IMAG0017_crop0.jpg,DATASET_COMPLETO_PRUEBA/IMAG0017.jpg,AVE_GRANDE,0.6100581288337708
RESULTS/crops_clahe/DSCF0348_crop0.jpg,DATASET_COMPLETO_PRUEBA/DSCF0348.JPG,AVE_PEQUEÑA,0.9801315665245056
RESULTS/crops_clahe/IMAG0042_crop0.jpg,DATASET_COMPLETO_PRUEBA/IMAG0042.jpg,MAMIFERO_PEQUEÑO,0.9978629946708679
RESULTS/crops_clahe/DSCF0054_crop0.jpg,DATASET_COMPLETO_PRUEBA/DSCF0054.JPG,AVE_GRANDE,0.5636488795280457
RESULTS/crops_clahe/DSCF0016_crop0.jpg,DATASET_COMPLETO_PRUEBA/DSCF0016.JPG,RUIDO,0.9971103668212891
RESULTS/crops_clahe/DSCF0336_crop0.jpg,DATASET_COMPLETO_PRUEBA/DSCF0336.JPG,AVE_PEQUEÑA,0.7404362559318542
RESULTS/crops_clahe/IMAG0176_crop0.jpg,DATASET_COMPLETO_PRUEBA/IMAG0176.jpg,AVE_GRANDE,0.9524897933006287
RESULTS/crops_clahe/DSCF0434_crop0.jpg,DATASET_COMPLETO_PRUEBA/DSCF0434.JPG,MAMIFERO_PEQUEÑO,0.5870916247367859
RESULTS/crops_clahe/IMAG0057_crop0.jpg,DATASET_COMPLETO_PRUEBA/IMAG0057.jpg,AVE_GRANDE,0.8531049489974976
RESULTS/crops_clahe/DSCF0538_crop0.jpg,DATASET_COMPLETO_PRUEBA/DSCF0538.JPG,AVE_GRANDE,0.9935774207115173
RESULTS/crops_clahe/DSCF0156_crop0.jpg,DATASET_COMPLETO_PRUEBA/DSCF0156.JPG,MAMIFERO_PEQUEÑO,0.5318272709846497
RESULTS/crops_clahe/DSCF0076_crop0.jpg,DATASET_COMPLETO_PRUEBA/DSCF0076.JPG,AVE_GRANDE,0.9105894565582275
RESULTS/crops_clahe/IM_00021_crop0.jpg,DATASET_COMPLETO_PRUEBA/IM_00021.JPG,RUIDO,0.6572208404541016
RESULTS/crops_clahe/20240915101320_IM_00018_crop0.jpg,DATASET_COMPLETO_PRUEBA/20240915101320_IM_00018.JPG,AVE_PEQUEÑA,0.9751625657081604
RESULTS/crops_clahe/IMAG0152_crop0.jpg,DATASET_COMPLETO_PRUEBA/IMAG0152.jpg,MAMIFERO_MEDIANO,0.9992853999137878
RESULTS/crops_clahe/DSCF0018_crop0.jpg,DATASET_COMPLETO_PRUEBA/DSCF0018.JPG,AVE_GRANDE,0.9860348701477051
RESULTS/crops_clahe/IMAG0286_crop0.jpg,DATASET_COMPLETO_PRUEBA/IMAG0286.jpg,MAMIFERO_MEDIANO,0.9999933242797852
RESULTS/crops_clahe/DSCF0137_crop0.jpg,DATASET_COMPLETO_PRUEBA/DSCF0137.JPG,AVE_GRANDE,0.9675354957580566
RESULTS/crops_clahe/DSCF0040_crop0.jpg,DATASET_COMPLETO_PRUEBA/DSCF0040.JPG,RUIDO,0.9932737350463867
RESULTS/crops_clahe/IMAG0153_crop0.jpg,DATASET_COMPLETO_PRUEBA/IMAG0153.jpg,MAMIFERO_MEDIANO,0.9998805522918701
RESULTS/crops_clahe/20240910102236_IM_00007_crop0.jpg,DATASET_COMPLETO_PRUEBA/20240910102236_IM_00007.JPG,AVE_PEQUEÑA,0.9042019844055176
RESULTS/crops_clahe/DSCF0248_crop0.jpg,DATASET_COMPLETO_PRUEBA/DSCF0248.JPG,AVE_PEQUEÑA,0.5809378623962402
RESULTS/crops_clahe/DSCF0298_crop0.jpg,DATASET_COMPLETO_PRUEBA/DSCF0298.JPG,AVE_GRANDE,0.8344904184341431
RESULTS/crops_clahe/DSCF0152_crop0.jpg,DATASET_COMPLETO_PRUEBA/DSCF0152.JPG,MAMIFERO_PEQUEÑO,0.9999783039093018
RESULTS/crops_clahe/IMAG0064_crop0.jpg,DATASET_COMPLETO_PRUEBA/IMAG0064.jpg,MAMIFERO_MEDIANO,0.9999533891677856
RESULTS/crops_clahe/20240924130638_IM_00041_crop0.jpg,DATASET_COMPLETO_PRUEBA/20240924130638_IM_00041.JPG,AVE_PEQUEÑA,0.9467827677726746
RESULTS/crops_clahe/IMAG0253_crop0.jpg,DATASET_COMPLETO_PRUEBA/IMAG0253.jpg,AVE_GRANDE,0.7769644856452942
RESULTS/crops_clahe/20240917110240_IM_00022_crop0.jpg,DATASET_COMPLETO_PRUEBA/20240917110240_IM_00022.JPG,AVE_PEQUEÑA,0.9795867800712585
RESULTS/crops_clahe/DSCF0238_crop0.jpg,DATASET_COMPLETO_PRUEBA/DSCF0238.JPG,MAMIFERO_PEQUEÑO,0.9989217519760132
RESULTS/crops_clahe/DSCF0358_crop0.jpg,DATASET_COMPLETO_PRUEBA/DSCF0358.JPG,AVE_PEQUEÑA,0.9942962527275085
RESULTS/crops_clahe/DSCF0028_crop0.jpg,DATASET_COMPLETO_PRUEBA/DSCF0028.JPG,MAMIFERO_PEQUEÑO,0.99989914894104
RESULTS/crops_clahe/IMAG0097_crop0.jpg,DATASET_COMPLETO_PRUEBA/IMAG0097.jpg,MAMIFERO_MEDIANO,0.9999991655349731
RESULTS/crops_clahe/20241001081912_IM_00060_crop0.jpg,DATASET_COMPLETO_PRUEBA/20241001081912_IM_00060.JPG,AVE_PEQUEÑA,0.9675392508506775
RESULTS/crops_clahe/IMAG0304_crop0.jpg,DATASET_COMPLETO_PRUEBA/IMAG0304.jpg,AVE_GRANDE,0.6702215075492859
RESULTS/crops_clahe/DSCF0004_crop0.jpg,DATASET_COMPLETO_PRUEBA/DSCF0004.JPG,AVE_GRANDE,0.6346792578697205
RESULTS/crops_clahe/IMAG0020_crop0.jpg,DATASET_COMPLETO_PRUEBA/IMAG0020.jpg,MAMIFERO_MEDIANO,0.9935610294342041
RESULTS/crops_clahe/IMAG0034_crop0.jpg,DATASET_COMPLETO_PRUEBA/IMAG0034.jpg,AVE_PEQUEÑA,0.9652719497680664
RESULTS/crops_clahe/DSCF0148_crop0.jpg,DATASET_COMPLETO_PRUEBA/DSCF0148.JPG,RUIDO,0.5606569647789001
RESULTS/crops_clahe/IMAG0317_crop0.jpg,DATASET_COMPLETO_PRUEBA/IMAG0317.jpg,MAMIFERO_MEDIANO,0.9994000196456909
RESULTS/crops_clahe/IMAG0010_crop0.jpg,DATASET_COMPLETO_PRUEBA/IMAG0010.jpg,MAMIFERO_MEDIANO,0.9999995231628418
RESULTS/crops_clahe/20241005074812_IM_00070_crop0.jpg,DATASET_COMPLETO_PRUEBA/20241005074812_IM_00070.JPG,AVE_GRANDE,0.8473445177078247
RESULTS/crops_clahe/DSCF0080_crop0.jpg,DATASET_COMPLETO_PRUEBA/DSCF0080.JPG,MAMIFERO_PEQUEÑO,0.7864431142807007
RESULTS/crops_clahe/IMAG0081_crop0.jpg,DATASET_COMPLETO_PRUEBA/IMAG0081.jpg,MAMIFERO_MEDIANO,0.9999946355819702
RESULTS/crops_clahe/DSCF0145_crop0.jpg,DATASET_COMPLETO_PRUEBA/DSCF0145.JPG,RUIDO,0.7619091868400574
RESULTS/crops_clahe/IMAG0105_crop0.jpg,DATASET_COMPLETO_PRUEBA/IMAG0105.jpg,MAMIFERO_MEDIANO,0.9998456239700317
RESULTS/crops_clahe/DSCF0308_crop0.jpg,DATASET_COMPLETO_PRUEBA/DSCF0308.JPG,AVE_GRANDE,0.6972460746765137
RESULTS/crops_clahe/DSCF0133_crop0.jpg,DATASET_COMPLETO_PRUEBA/DSCF0133.JPG,AVE_GRANDE,0.8978656530380249
RESULTS/crops_clahe/DSCF0294_crop0.jpg,DATASET_COMPLETO_PRUEBA/DSCF0294.JPG,AVE_PEQUEÑA,0.8945487141609192
RESULTS/crops_clahe/DSCF0396_crop1.jpg,DATASET_COMPLETO_PRUEBA/DSCF0396.JPG,AVE_GRANDE,0.5446955561637878
RESULTS/crops_clahe/20240917174730_IM_00024_crop0.jpg,DATASET_COMPLETO_PRUEBA/20240917174730_IM_00024.JPG,AVE_PEQUEÑA,0.9948204755783081
RESULTS/crops_clahe/IMAG0265_crop0.jpg,DATASET_COMPLETO_PRUEBA/IMAG0265.jpg,AVE_GRANDE,0.9817402362823486
RESULTS/crops_clahe/IMAG0052_crop0.jpg,DATASET_COMPLETO_PRUEBA/IMAG0052.jpg,MAMIFERO_MEDIANO,0.9999535083770752
RESULTS/crops_clahe/DSCF0352_crop0.jpg,DATASET_COMPLETO_PRUEBA/DSCF0352.JPG,AVE_PEQUEÑA,0.53205406665802
RESULTS/crops_clahe/IMAG0140_crop0.jpg,DATASET_COMPLETO_PRUEBA/IMAG0140.jpg,MAMIFERO_PEQUEÑO,0.9936886429786682
RESULTS/crops_clahe/20240927035950_IM_00048_crop0.jpg,DATASET_COMPLETO_PRUEBA/20240927035950_IM_00048.JPG,MAMIFERO_MEDIANO,0.9984550476074219
RESULTS/crops_clahe/DSCF0324_crop0.jpg,DATASET_COMPLETO_PRUEBA/DSCF0324.JPG,AVE_PEQUEÑA,0.9532814621925354
RESULTS/crops_clahe/DSCF0058_crop0.jpg,DATASET_COMPLETO_PRUEBA/DSCF0058.JPG,AVE_PEQUEÑA,0.9745581746101379
RESULTS/crops_clahe/IMAG0000_crop0.jpg,DATASET_COMPLETO_PRUEBA/IMAG0000.jpg,MAMIFERO_MEDIANO,0.9978440999984741
RESULTS/crops_clahe/IMAG0198_crop0.jpg,DATASET_COMPLETO_PRUEBA/IMAG0198.jpg,AVE_PEQUEÑA,0.6139333844184875
RESULTS/crops_clahe/IMAG0294_crop0.jpg,DATASET_COMPLETO_PRUEBA/IMAG0294.jpg,AVE_GRANDE,0.9937719702720642
RESULTS/crops_clahe/DSCF0364_crop0.jpg,DATASET_COMPLETO_PRUEBA/DSCF0364.JPG,MAMIFERO_MEDIANO,0.9999797344207764
RESULTS/crops_clahe/IMAG0240_crop0.jpg,DATASET_COMPLETO_PRUEBA/IMAG0240.jpg,AVE_GRANDE,0.5009896755218506
RESULTS/crops_clahe/DSCF0264_crop0.jpg,DATASET_COMPLETO_PRUEBA/DSCF0264.JPG,AVE_GRANDE,0.9940981864929199
RESULTS/crops_clahe/IMAG0214_crop0.jpg,DATASET_COMPLETO_PRUEBA/IMAG0214.jpg,AVE_PEQUEÑA,0.9875311255455017
RESULTS/crops_clahe/IMAG0048_crop0.jpg,DATASET_COMPLETO_PRUEBA/IMAG0048.jpg,MAMIFERO_PEQUEÑO,0.9998098015785217
RESULTS/crops_clahe/IMAG0076_crop0.jpg,DATASET_COMPLETO_PRUEBA/IMAG0076.jpg,MAMIFERO_PEQUEÑO,0.999958872795105
RESULTS/crops_clahe/20240923182620_IM_00036_crop0.jpg,DATASET_COMPLETO_PRUEBA/20240923182620_IM_00036.JPG,AVE_PEQUEÑA,0.9706496000289917
RESULTS/crops_clahe/20240921181220_IM_00030_crop0.jpg,DATASET_COMPLETO_PRUEBA/20240921181220_IM_00030.JPG,AVE_PEQUEÑA,0.9997418522834778
RESULTS/crops_clahe/IM_00011_crop0.jpg,DATASET_COMPLETO_PRUEBA/IM_00011.JPG,AVE_PEQUEÑA,0.9058888554573059
RESULTS/crops_clahe/20241012122956_IM_00088_crop0.jpg,DATASET_COMPLETO_PRUEBA/20241012122956_IM_00088.JPG,MAMIFERO_MEDIANO,0.9952267408370972
RESULTS/crops_clahe/DSCF0129_crop0.jpg,DATASET_COMPLETO_PRUEBA/DSCF0129.JPG,MAMIFERO_PEQUEÑO,0.9884411096572876
RESULTS/crops_clahe/DSCF0302_crop0.jpg,DATASET_COMPLETO_PRUEBA/DSCF0302.JPG,AVE_GRANDE,0.6852677464485168
RESULTS/crops_clahe/20241003162448_IM_00066_crop0.jpg,DATASET_COMPLETO_PRUEBA/20241003162448_IM_00066.JPG,AVE_PEQUEÑA,0.9883418679237366
RESULTS/crops_clahe/IMAG0038_crop0.jpg,DATASET_COMPLETO_PRUEBA/IMAG0038.jpg,RUIDO,0.9908732175827026
RESULTS/crops_clahe/IMAG0201_crop0.jpg,DATASET_COMPLETO_PRUEBA/IMAG0201.jpg,AVE_GRANDE,0.9793566465377808
RESULTS/crops_clahe/DSCF0204_crop0.jpg,DATASET_COMPLETO_PRUEBA/DSCF0204.JPG,MAMIFERO_PEQUEÑO,0.9996566772460938
RESULTS/crops_clahe/DSCF0128_crop0.jpg,DATASET_COMPLETO_PRUEBA/DSCF0128.JPG,MAMIFERO_PEQUEÑO,0.9995284080505371
RESULTS/crops_clahe/IM_00031_crop0.jpg,DATASET_COMPLETO_PRUEBA/IM_00031.JPG,AVE_PEQUEÑA,0.9710436463356018
RESULTS/crops_clahe/IMAG0089_crop0.jpg,DATASET_COMPLETO_PRUEBA/IMAG0089.jpg,MAMIFERO_MEDIANO,0.9999825954437256
RESULTS/crops_clahe/DSCF0064_crop0.jpg,DATASET_COMPLETO_PRUEBA/DSCF0064.JPG,MAMIFERO_PEQUEÑO,0.991612434387207
RESULTS/crops_clahe/IMAG0078_crop0.jpg,DATASET_COMPLETO_PRUEBA/IMAG0078.jpg,AVE_PEQUEÑA,0.7285928726196289
RESULTS/crops_clahe/IMAG0088_crop0.jpg,DATASET_COMPLETO_PRUEBA/IMAG0088.jpg,AVE_GRANDE,0.8935785293579102
RESULTS/crops_clahe/DSCF0094_crop0.jpg,DATASET_COMPLETO_PRUEBA/DSCF0094.JPG,AVE_PEQUEÑA,0.9560431838035583
RESULTS/crops_clahe/IMAG0193_crop0.jpg,DATASET_COMPLETO_PRUEBA/IMAG0193.jpg,AVE_GRANDE,0.9097088575363159
RESULTS/crops_clahe/IMAG0136_crop0.jpg,DATASET_COMPLETO_PRUEBA/IMAG0136.jpg,MAMIFERO_MEDIANO,0.9999905824661255
RESULTS/crops_clahe/IMAG0104_crop0.jpg,DATASET_COMPLETO_PRUEBA/IMAG0104.jpg,MAMIFERO_MEDIANO,0.9999778270721436
RESULTS/crops_clahe/IMAG0068_crop0.jpg,DATASET_COMPLETO_PRUEBA/IMAG0068.jpg,AVE_GRANDE,0.8388793468475342
RESULTS/crops_clahe/IMAG0092_crop0.jpg,DATASET_COMPLETO_PRUEBA/IMAG0092.jpg,MAMIFERO_PEQUEÑO,0.9993652701377869
RESULTS/crops_clahe/IMAG0149_crop0.jpg,DATASET_COMPLETO_PRUEBA/IMAG0149.jpg,MAMIFERO_MEDIANO,0.9999785423278809
RESULTS/crops_clahe/IMAG0213_crop0.jpg,DATASET_COMPLETO_PRUEBA/IMAG0213.jpg,AVE_PEQUEÑA,0.9941015839576721
RESULTS/crops_clahe/IM_00024_crop0.jpg,DATASET_COMPLETO_PRUEBA/IM_00024.JPG,AVE_PEQUEÑA,0.997401237487793
RESULTS/crops_clahe/DSCF0171_crop0.jpg,DATASET_COMPLETO_PRUEBA/DSCF0171.JPG,AVE_GRANDE,0.9938243627548218
RESULTS/crops_clahe/DSCF0402_crop0.jpg,DATASET_COMPLETO_PRUEBA/DSCF0402.JPG,AVE_GRANDE,0.9829045534133911
RESULTS/crops_clahe/20240924180322_IM_00043_crop0.jpg,DATASET_COMPLETO_PRUEBA/20240924180322_IM_00043.JPG,RUIDO,0.5868145823478699
RESULTS/crops_clahe/IMAG0102_crop0.jpg,DATASET_COMPLETO_PRUEBA/IMAG0102.jpg,MAMIFERO_MEDIANO,0.9866395592689514
RESULTS/crops_clahe/DSCF0382_crop0.jpg,DATASET_COMPLETO_PRUEBA/DSCF0382.JPG,AVE_PEQUEÑA,0.7774474024772644
RESULTS/crops_clahe/IMAG0258_crop0.jpg,DATASET_COMPLETO_PRUEBA/IMAG0258.jpg,AVE_GRANDE,0.9996259212493896
RESULTS/crops_clahe/20240909153832_IM_00004_crop0.jpg,DATASET_COMPLETO_PRUEBA/20240909153832_IM_00004.JPG,AVE_PEQUEÑA,0.9394738674163818
RESULTS/crops_clahe/IMAG0262_crop0.jpg,DATASET_COMPLETO_PRUEBA/IMAG0262.jpg,MAMIFERO_MEDIANO,0.9994543194770813
RESULTS/crops_clahe/IMAG0032_crop0.jpg,DATASET_COMPLETO_PRUEBA/IMAG0032.jpg,AVE_PEQUEÑA,0.9938642978668213
RESULTS/crops_clahe/DSCF0132_crop0.jpg,DATASET_COMPLETO_PRUEBA/DSCF0132.JPG,MAMIFERO_PEQUEÑO,0.9961208701133728
RESULTS/crops_clahe/DSCF0220_crop0.jpg,DATASET_COMPLETO_PRUEBA/DSCF0220.JPG,MAMIFERO_GRANDE,0.9999788999557495
RESULTS/crops_clahe/20240918003552_IM_00025_crop0.jpg,DATASET_COMPLETO_PRUEBA/20240918003552_IM_00025.JPG,MAMIFERO_MEDIANO,0.9995288848876953
RESULTS/crops_clahe/IMAG0260_crop0.jpg,DATASET_COMPLETO_PRUEBA/IMAG0260.jpg,MAMIFERO_MEDIANO,0.9999904632568359
RESULTS/crops_clahe/DSCF0274_crop0.jpg,DATASET_COMPLETO_PRUEBA/DSCF0274.JPG,AVE_PEQUEÑA,0.6133497953414917
RESULTS/crops_clahe/DSCF0292_crop0.jpg,DATASET_COMPLETO_PRUEBA/DSCF0292.JPG,AVE_PEQUEÑA,0.9993112087249756
RESULTS/crops_clahe/IMAG0085_crop0.jpg,DATASET_COMPLETO_PRUEBA/IMAG0085.jpg,MAMIFERO_MEDIANO,0.9996001124382019
RESULTS/crops_clahe/IMAG0018_crop0.jpg,DATASET_COMPLETO_PRUEBA/IMAG0018.jpg,MAMIFERO_PEQUEÑO,0.9999302625656128
RESULTS/crops_clahe/IMAG0145_crop0.jpg,DATASET_COMPLETO_PRUEBA/IMAG0145.jpg,MAMIFERO_MEDIANO,0.9997860789299011
RESULTS/crops_clahe/DSCF0098_crop0.jpg,DATASET_COMPLETO_PRUEBA/DSCF0098.JPG,MAMIFERO_MEDIANO,0.6509517431259155
RESULTS/crops_clahe/20240924130744_IM_00042_crop0.jpg,DATASET_COMPLETO_PRUEBA/20240924130744_IM_00042.JPG,AVE_PEQUEÑA,0.7272274494171143
RESULTS/crops_clahe/20240920050854_IM_00027_crop0.jpg,DATASET_COMPLETO_PRUEBA/20240920050854_IM_00027.JPG,MAMIFERO_MEDIANO,0.9993343949317932
RESULTS/crops_clahe/20241003162112_IM_00065_crop0.jpg,DATASET_COMPLETO_PRUEBA/20241003162112_IM_00065.JPG,AVE_GRANDE,0.6776886582374573
RESULTS/crops_clahe/IMAG0094_crop0.jpg,DATASET_COMPLETO_PRUEBA/IMAG0094.jpg,AVE_PEQUEÑA,0.9621593952178955
RESULTS/crops_clahe/DSCF0304_crop0.jpg,DATASET_COMPLETO_PRUEBA/DSCF0304.JPG,AVE_GRANDE,0.9537345170974731
RESULTS/crops_clahe/IMAG0141_crop0.jpg,DATASET_COMPLETO_PRUEBA/IMAG0141.jpg,MAMIFERO_PEQUEÑO,0.9955407977104187
RESULTS/crops_clahe/IM_00023_crop0.jpg,DATASET_COMPLETO_PRUEBA/IM_00023.JPG,AVE_GRANDE,0.977053701877594
RESULTS/crops_clahe/20240922060118_IM_00032_crop0.jpg,DATASET_COMPLETO_PRUEBA/20240922060118_IM_00032.JPG,AVE_PEQUEÑA,0.9996622800827026
RESULTS/crops_clahe/DSCF0388_crop0.jpg,DATASET_COMPLETO_PRUEBA/DSCF0388.JPG,AVE_PEQUEÑA,0.8882179856300354
RESULTS/crops_clahe/20240910034446_IM_00006_crop0.jpg,DATASET_COMPLETO_PRUEBA/20240910034446_IM_00006.JPG,MAMIFERO_MEDIANO,0.9998337030410767
RESULTS/crops_clahe/20240922093056_IM_00033_crop0.jpg,DATASET_COMPLETO_PRUEBA/20240922093056_IM_00033.JPG,AVE_GRANDE,0.7791022658348083
RESULTS/crops_clahe/IMAG0130_crop0.jpg,DATASET_COMPLETO_PRUEBA/IMAG0130.jpg,MAMIFERO_MEDIANO,0.9999902248382568
RESULTS/crops_clahe/DSCF0096_crop0.jpg,DATASET_COMPLETO_PRUEBA/DSCF0096.JPG,AVE_PEQUEÑA,0.960740864276886
RESULTS/crops_clahe/IMAG0044_crop0.jpg,DATASET_COMPLETO_PRUEBA/IMAG0044.jpg,AVE_PEQUEÑA,0.9714198708534241
RESULTS/crops_clahe/DSCF0032_crop0.jpg,DATASET_COMPLETO_PRUEBA/DSCF0032.JPG,AVE_GRANDE,0.9711276888847351
RESULTS/crops_clahe/DSCF0320_crop0.jpg,DATASET_COMPLETO_PRUEBA/DSCF0320.JPG,AVE_PEQUEÑA,0.838538408279419
RESULTS/crops_clahe/20240927040404_IM_00049_crop0.jpg,DATASET_COMPLETO_PRUEBA/20240927040404_IM_00049.JPG,MAMIFERO_MEDIANO,0.9879084229469299
RESULTS/crops_clahe/IMAG0114_crop0.jpg,DATASET_COMPLETO_PRUEBA/IMAG0114.jpg,MAMIFERO_MEDIANO,0.9787169098854065
RESULTS/crops_clahe/DSCF0107_crop0.jpg,DATASET_COMPLETO_PRUEBA/DSCF0107.JPG,MAMIFERO_MEDIANO,0.9999979734420776
RESULTS/crops_clahe/IMAG0146_crop0.jpg,DATASET_COMPLETO_PRUEBA/IMAG0146.jpg,MAMIFERO_MEDIANO,0.9754455089569092
RESULTS/crops_clahe/DSCF0284_crop0.jpg,DATASET_COMPLETO_PRUEBA/DSCF0284.JPG,AVE_PEQUEÑA,0.8777393698692322
RESULTS/crops_clahe/DSCF0030_crop0.jpg,DATASET_COMPLETO_PRUEBA/DSCF0030.JPG,AVE_GRANDE,0.6632470488548279
RESULTS/crops_clahe/IMAG0278_crop0.jpg,DATASET_COMPLETO_PRUEBA/IMAG0278.jpg,AVE_GRANDE,0.8850454688072205
RESULTS/crops_clahe/DSCF0254_crop0.jpg,DATASET_COMPLETO_PRUEBA/DSCF0254.JPG,AVE_GRANDE,0.9653112888336182
RESULTS/crops_clahe/IM_00017_crop0.jpg,DATASET_COMPLETO_PRUEBA/IM_00017.JPG,AVE_PEQUEÑA,0.9953203797340393
RESULTS/crops_clahe/IM_00010_crop0.jpg,DATASET_COMPLETO_PRUEBA/IM_00010.JPG,AVE_GRANDE,0.6586300134658813
RESULTS/crops_clahe/IMAG0022_crop0.jpg,DATASET_COMPLETO_PRUEBA/IMAG0022.jpg,MAMIFERO_PEQUEÑO,0.999927282333374
RESULTS/crops_clahe/DSCF0042_crop0.jpg,DATASET_COMPLETO_PRUEBA/DSCF0042.JPG,MAMIFERO_PEQUEÑO,0.9755270481109619
RESULTS/crops_clahe/20240910102512_IM_00008_crop0.jpg,DATASET_COMPLETO_PRUEBA/20240910102512_IM_00008.JPG,AVE_PEQUEÑA,0.9913796186447144
RESULTS/crops_clahe/20241011134122_IM_00084_crop0.jpg,DATASET_COMPLETO_PRUEBA/20241011134122_IM_00084.JPG,MAMIFERO_PEQUEÑO,0.9991530179977417
RESULTS/crops_clahe/DSCF0360_crop0.jpg,DATASET_COMPLETO_PRUEBA/DSCF0360.JPG,AVE_PEQUEÑA,0.9070122241973877
RESULTS/crops_clahe/DSCF0212_crop0.jpg,DATASET_COMPLETO_PRUEBA/DSCF0212.JPG,AVE_PEQUEÑA,0.8759695887565613
RESULTS/crops_clahe/20241010210712_IM_00079_crop0.jpg,DATASET_COMPLETO_PRUEBA/20241010210712_IM_00079.JPG,RUIDO,0.9975430965423584
RESULTS/crops_clahe/IMAG0124_crop0.jpg,DATASET_COMPLETO_PRUEBA/IMAG0124.jpg,MAMIFERO_PEQUEÑO,0.9996640682220459
RESULTS/crops_clahe/DSCF0314_crop0.jpg,DATASET_COMPLETO_PRUEBA/DSCF0314.JPG,AVE_PEQUEÑA,0.9718115329742432
RESULTS/crops_clahe/DSCF0163_crop0.jpg,DATASET_COMPLETO_PRUEBA/DSCF0163.JPG,AVE_GRANDE,0.9158991575241089
RESULTS/crops_clahe/DSCF0044_crop0.jpg,DATASET_COMPLETO_PRUEBA/DSCF0044.JPG,MAMIFERO_PEQUEÑO,0.8050274848937988
RESULTS/crops_clahe/20240920181902_IM_00029_crop0.jpg,DATASET_COMPLETO_PRUEBA/20240920181902_IM_00029.JPG,AVE_PEQUEÑA,0.9977266192436218
RESULTS/crops_clahe/IMAG0190_crop0.jpg,DATASET_COMPLETO_PRUEBA/IMAG0190.jpg,AVE_PEQUEÑA,0.6180174350738525
RESULTS/crops_clahe/DSCF0390_crop1.jpg,DATASET_COMPLETO_PRUEBA/DSCF0390.JPG,AVE_PEQUEÑA,0.944057285785675
RESULTS/crops_clahe/20240915101320_IM_00018_crop1.jpg,DATASET_COMPLETO_PRUEBA/20240915101320_IM_00018.JPG,RUIDO,0.8600817918777466
RESULTS/crops_clahe/20241007213320_IM_00072_crop0.jpg,DATASET_COMPLETO_PRUEBA/20241007213320_IM_00072.JPG,MAMIFERO_MEDIANO,0.9998227953910828
RESULTS/crops_clahe/DSCF0110_crop0.jpg,DATASET_COMPLETO_PRUEBA/DSCF0110.JPG,MAMIFERO_MEDIANO,0.9999995231628418
RESULTS/crops_clahe/20240927081844_IM_00053_crop0.jpg,DATASET_COMPLETO_PRUEBA/20240927081844_IM_00053.JPG,AVE_PEQUEÑA,0.9448369145393372
RESULTS/crops_clahe/IM_00009_crop0.jpg,DATASET_COMPLETO_PRUEBA/IM_00009.JPG,AVE_PEQUEÑA,0.9988393187522888
RESULTS/crops_clahe/DSCF0066_crop0.jpg,DATASET_COMPLETO_PRUEBA/DSCF0066.JPG,AVE_GRANDE,0.8747590780258179
RESULTS/crops_clahe/IMAG0086_crop0.jpg,DATASET_COMPLETO_PRUEBA/IMAG0086.jpg,RUIDO,0.47541680932044983
RESULTS/crops_clahe/DSCF0288_crop0.jpg,DATASET_COMPLETO_PRUEBA/DSCF0288.JPG,AVE_PEQUEÑA,0.9998641014099121
RESULTS/crops_clahe/IMAG0204_crop0.jpg,DATASET_COMPLETO_PRUEBA/IMAG0204.jpg,MAMIFERO_MEDIANO,0.999962568283081
RESULTS/crops_clahe/IMAG0269_crop0.jpg,DATASET_COMPLETO_PRUEBA/IMAG0269.jpg,AVE_GRANDE,0.9952008724212646
RESULTS/crops_clahe/DSCF0126_crop0.jpg,DATASET_COMPLETO_PRUEBA/DSCF0126.JPG,RUIDO,0.9256101846694946
RESULTS/crops_clahe/DSCF0056_crop0.jpg,DATASET_COMPLETO_PRUEBA/DSCF0056.JPG,AVE_PEQUEÑA,0.5969235897064209
RESULTS/crops_clahe/DSCF0147_crop0.jpg,DATASET_COMPLETO_PRUEBA/DSCF0147.JPG,MAMIFERO_MEDIANO,0.9996140599250793
RESULTS/crops_clahe/IMAG0021_crop0.jpg,DATASET_COMPLETO_PRUEBA/IMAG0021.jpg,MAMIFERO_MEDIANO,0.9995937943458557
RESULTS/crops_clahe/IMAG0302_crop0.jpg,DATASET_COMPLETO_PRUEBA/IMAG0302.jpg,RUIDO,0.6556991934776306
RESULTS/crops_clahe/20241011012834_IM_00080_crop0.jpg,DATASET_COMPLETO_PRUEBA/20241011012834_IM_00080.JPG,MAMIFERO_MEDIANO,0.9999382495880127
RESULTS/crops_clahe/IMAG0036_crop0.jpg,DATASET_COMPLETO_PRUEBA/IMAG0036.jpg,MAMIFERO_MEDIANO,0.9999984502792358
RESULTS/crops_clahe/DSCF0410_crop0.jpg,DATASET_COMPLETO_PRUEBA/DSCF0410.JPG,AVE_PEQUEÑA,0.9286971092224121
RESULTS/crops_clahe/20240920055058_IM_00028_crop0.jpg,DATASET_COMPLETO_PRUEBA/20240920055058_IM_00028.JPG,AVE_PEQUEÑA,0.9933223128318787
RESULTS/crops_clahe/IM_00042_crop0.jpg,DATASET_COMPLETO_PRUEBA/IM_00042.JPG,AVE_PEQUEÑA,0.9612708687782288
RESULTS/crops_clahe/IMAG0252_crop0.jpg,DATASET_COMPLETO_PRUEBA/IMAG0252.jpg,AVE_GRANDE,0.6123647093772888
RESULTS/crops_clahe/DSCF0394_crop0.jpg,DATASET_COMPLETO_PRUEBA/DSCF0394.JPG,AVE_GRANDE,0.9761960506439209
RESULTS/crops_clahe/DSCF0256_crop0.jpg,DATASET_COMPLETO_PRUEBA/DSCF0256.JPG,MAMIFERO_PEQUEÑO,0.9999973773956299
RESULTS/crops_clahe/DSCF0252_crop0.jpg,DATASET_COMPLETO_PRUEBA/DSCF0252.JPG,AVE_GRANDE,0.9577699303627014
RESULTS/crops_clahe/IMAG0189_crop0.jpg,DATASET_COMPLETO_PRUEBA/IMAG0189.jpg,AVE_GRANDE,0.6922551393508911
RESULTS/crops_clahe/20240926181204_IM_00045_crop0.jpg,DATASET_COMPLETO_PRUEBA/20240926181204_IM_00045.JPG,AVE_PEQUEÑA,0.9995736479759216
RESULTS/crops_clahe/DSCF0138_crop0.jpg,DATASET_COMPLETO_PRUEBA/DSCF0138.JPG,AVE_PEQUEÑA,0.9588428139686584
RESULTS/crops_clahe/IMAG0273_crop0.jpg,DATASET_COMPLETO_PRUEBA/IMAG0273.jpg,AVE_GRANDE,0.9751735925674438
RESULTS/crops_clahe/IM_00008_crop0.jpg,DATASET_COMPLETO_PRUEBA/IM_00008.JPG,MAMIFERO_MEDIANO,0.9999984502792358
RESULTS/crops_clahe/IMAG0162_crop0.jpg,DATASET_COMPLETO_PRUEBA/IMAG0162.jpg,RUIDO,0.9975327253341675
RESULTS/crops_clahe/20240927052550_IM_00051_crop0.jpg,DATASET_COMPLETO_PRUEBA/20240927052550_IM_00051.JPG,MAMIFERO_MEDIANO,0.990310788154602
RESULTS/crops_clahe/20241012122806_IM_00087_crop0.jpg,DATASET_COMPLETO_PRUEBA/20241012122806_IM_00087.JPG,MAMIFERO_MEDIANO,0.9991315007209778
RESULTS/crops_clahe/DSCF0134_crop0.jpg,DATASET_COMPLETO_PRUEBA/DSCF0134.JPG,AVE_GRANDE,0.8866021037101746
RESULTS/crops_clahe/DSCF0099_crop0.jpg,DATASET_COMPLETO_PRUEBA/DSCF0099.JPG,AVE_PEQUEÑA,0.9986861348152161
RESULTS/crops_clahe/20241011150208_IM_00085_crop0.jpg,DATASET_COMPLETO_PRUEBA/20241011150208_IM_00085.JPG,MAMIFERO_PEQUEÑO,0.9624176025390625
RESULTS/crops_clahe/DSCF0370_crop0.jpg,DATASET_COMPLETO_PRUEBA/DSCF0370.JPG,MAMIFERO_MEDIANO,1.0
RESULTS/crops_clahe/20241007213940_IM_00073_crop0.jpg,DATASET_COMPLETO_PRUEBA/20241007213940_IM_00073.JPG,MAMIFERO_MEDIANO,0.7252827882766724
RESULTS/crops_clahe/DSCF0200_crop0.jpg,DATASET_COMPLETO_PRUEBA/DSCF0200.JPG,AVE_PEQUEÑA,0.9998619556427002
RESULTS/crops_clahe/DSCF0142_crop0.jpg,DATASET_COMPLETO_PRUEBA/DSCF0142.JPG,AVE_PEQUEÑA,0.9963827133178711
RESULTS/crops_clahe/DSCF0350_crop0.jpg,DATASET_COMPLETO_PRUEBA/DSCF0350.JPG,AVE_PEQUEÑA,0.5538413524627686
RESULTS/crops_clahe/DSCF0010_crop0.jpg,DATASET_COMPLETO_PRUEBA/DSCF0010.JPG,AVE_PEQUEÑA,0.735929012298584
RESULTS/crops_clahe/20241009201716_IM_00075_crop0.jpg,DATASET_COMPLETO_PRUEBA/20241009201716_IM_00075.JPG,MAMIFERO_MEDIANO,0.9999954700469971
RESULTS/crops_clahe/IMAG0073_crop0.jpg,DATASET_COMPLETO_PRUEBA/IMAG0073.jpg,MAMIFERO_MEDIANO,0.9998816251754761
RESULTS/crops_clahe/20241011225222_IM_00086_crop0.jpg,DATASET_COMPLETO_PRUEBA/20241011225222_IM_00086.JPG,MAMIFERO_MEDIANO,1.0
RESULTS/crops_clahe/DSCF0084_crop0.jpg,DATASET_COMPLETO_PRUEBA/DSCF0084.JPG,AVE_PEQUEÑA,0.9944638609886169
RESULTS/crops_clahe/IMAG0132_crop0.jpg,DATASET_COMPLETO_PRUEBA/IMAG0132.jpg,AVE_PEQUEÑA,0.9516715407371521
RESULTS/crops_clahe/IM_00033_crop0.jpg,DATASET_COMPLETO_PRUEBA/IM_00033.JPG,AVE_PEQUEÑA,0.8833858966827393
RESULTS/crops_clahe/DSCF0312_crop0.jpg,DATASET_COMPLETO_PRUEBA/DSCF0312.JPG,AVE_PEQUEÑA,0.9984972476959229
RESULTS/crops_clahe/IMAG0126_crop0.jpg,DATASET_COMPLETO_PRUEBA/IMAG0126.jpg,RUIDO,0.8740547895431519
RESULTS/crops_clahe/IMAG0261_crop0.jpg,DATASET_COMPLETO_PRUEBA/IMAG0261.jpg,MAMIFERO_MEDIANO,0.9998252987861633
RESULTS/crops_clahe/DSCF0174_crop0.jpg,DATASET_COMPLETO_PRUEBA/DSCF0174.JPG,MAMIFERO_PEQUEÑO,1.0
RESULTS/crops_clahe/DSCF0078_crop0.jpg,DATASET_COMPLETO_PRUEBA/DSCF0078.JPG,AVE_PEQUEÑA,0.8989383578300476
RESULTS/crops_clahe/DSCF0422_crop0.jpg,DATASET_COMPLETO_PRUEBA/DSCF0422.JPG,AVE_GRANDE,0.9510008096694946
RESULTS/crops_clahe/IMAG0182_crop0.jpg,DATASET_COMPLETO_PRUEBA/IMAG0182.jpg,MAMIFERO_MEDIANO,0.998748779296875
RESULTS/crops_clahe/IM_00095_crop0.jpg,DATASET_COMPLETO_PRUEBA/IM_00095.JPG,RUIDO,0.999940037727356
RESULTS/crops_clahe/20240909094306_IM_00003_crop0.jpg,DATASET_COMPLETO_PRUEBA/20240909094306_IM_00003.JPG,MAMIFERO_PEQUEÑO,0.9952023029327393
RESULTS/crops_clahe/DSCF0170_crop0.jpg,DATASET_COMPLETO_PRUEBA/DSCF0170.JPG,MAMIFERO_PEQUEÑO,0.9996335506439209
RESULTS/crops_clahe/DSCF0048_crop0.jpg,DATASET_COMPLETO_PRUEBA/DSCF0048.JPG,MAMIFERO_PEQUEÑO,0.9995498061180115
RESULTS/crops_clahe/DSCF0378_crop0.jpg,DATASET_COMPLETO_PRUEBA/DSCF0378.JPG,MAMIFERO_GRANDE,0.9999949932098389
RESULTS/crops_clahe/IMAG0205_crop0.jpg,DATASET_COMPLETO_PRUEBA/IMAG0205.jpg,MAMIFERO_MEDIANO,0.9999970197677612
RESULTS/crops_clahe/IMAG0212_crop0.jpg,DATASET_COMPLETO_PRUEBA/IMAG0212.jpg,AVE_PEQUEÑA,0.9763410687446594
RESULTS/crops_clahe/IMAG0053_crop0.jpg,DATASET_COMPLETO_PRUEBA/IMAG0053.jpg,MAMIFERO_MEDIANO,0.9999967813491821
RESULTS/crops_clahe/IMAG0305_crop0.jpg,DATASET_COMPLETO_PRUEBA/IMAG0305.jpg,AVE_GRANDE,0.5654802918434143
RESULTS/crops_clahe/IMAG0150_crop0.jpg,DATASET_COMPLETO_PRUEBA/IMAG0150.jpg,MAMIFERO_MEDIANO,0.9997326731681824
RESULTS/crops_clahe/DSCF0086_crop0.jpg,DATASET_COMPLETO_PRUEBA/DSCF0086.JPG,AVE_PEQUEÑA,0.9996287822723389
RESULTS/crops_clahe/IMAG0133_crop0.jpg,DATASET_COMPLETO_PRUEBA/IMAG0133.jpg,AVE_PEQUEÑA,0.9518629312515259
RESULTS/crops_clahe/20240913211502_IM_00015_crop0.jpg,DATASET_COMPLETO_PRUEBA/20240913211502_IM_00015.JPG,MAMIFERO_MEDIANO,0.9999434947967529
RESULTS/crops_clahe/IMAG0090_crop0.jpg,DATASET_COMPLETO_PRUEBA/IMAG0090.jpg,AVE_PEQUEÑA,0.985051155090332
RESULTS/crops_clahe/IMAG0156_crop0.jpg,DATASET_COMPLETO_PRUEBA/IMAG0156.jpg,AVE_GRANDE,0.8527987599372864
RESULTS/crops_clahe/DSCF0306_crop0.jpg,DATASET_COMPLETO_PRUEBA/DSCF0306.JPG,AVE_GRANDE,0.987809419631958
RESULTS/crops_clahe/IM_00040_crop0.jpg,DATASET_COMPLETO_PRUEBA/IM_00040.JPG,AVE_PEQUEÑA,0.9693743586540222
RESULTS/crops_clahe/IMAG0110_crop0.jpg,DATASET_COMPLETO_PRUEBA/IMAG0110.jpg,AVE_PEQUEÑA,0.8668451905250549
RESULTS/crops_clahe/IMAG0096_crop0.jpg,DATASET_COMPLETO_PRUEBA/IMAG0096.jpg,AVE_GRANDE,0.7747778296470642
RESULTS/crops_clahe/IMAG0054_crop0.jpg,DATASET_COMPLETO_PRUEBA/IMAG0054.jpg,MAMIFERO_PEQUEÑO,0.9997928738594055
RESULTS/crops_clahe/20240924060236_IM_00039_crop0.jpg,DATASET_COMPLETO_PRUEBA/20240924060236_IM_00039.JPG,AVE_PEQUEÑA,0.9990367889404297
RESULTS/crops_clahe/DSCF0286_crop0.jpg,DATASET_COMPLETO_PRUEBA/DSCF0286.JPG,AVE_PEQUEÑA,0.9951243996620178
RESULTS/crops_clahe/20240924130502_IM_00040_crop0.jpg,DATASET_COMPLETO_PRUEBA/20240924130502_IM_00040.JPG,AVE_PEQUEÑA,0.9358850121498108
RESULTS/crops_clahe/IMAG0128_crop0.jpg,DATASET_COMPLETO_PRUEBA/IMAG0128.jpg,MAMIFERO_MEDIANO,0.9987350106239319
RESULTS/crops_clahe/IMAG0256_crop0.jpg,DATASET_COMPLETO_PRUEBA/IMAG0256.jpg,AVE_GRANDE,0.9940242171287537
RESULTS/crops_clahe/IMAG0070_crop0.jpg,DATASET_COMPLETO_PRUEBA/IMAG0070.jpg,MAMIFERO_MEDIANO,0.9989853501319885
RESULTS/crops_clahe/IMAG0216_crop0.jpg,DATASET_COMPLETO_PRUEBA/IMAG0216.jpg,MAMIFERO_MEDIANO,0.9999514818191528
RESULTS/crops_clahe/IM_00022_crop0.jpg,DATASET_COMPLETO_PRUEBA/IM_00022.JPG,AVE_GRANDE,0.9392736554145813
